,region,production_field,2005,2006,2007,2008,2009,2010,2011,2012,2013,2014,2015,2016,2017,2018,2019,2020
0,Российская Федерация,ДОБЫЧА ПОЛЕЗНЫХ ИСКОПАЕМЫХ,3062459894.0,3720886658.0,4488914995.0,5271732562.0,5090973012.0,6217952034.1,8020217498.56,8950066498.83,9213744949.66,9690977693.16,11259541652.7,11730497742.4,13916164842.7,18193869946.9,18324126764.6,14498899587.47
1,Российская Федерация,ОБРАБАТЫВАЮЩИЕ ПРОИЗВОДСТВА,8871975885.0,11185373836.0,13977777237.0,16863615035.0,14351984832.0,18880736716.85,22813279482.46,25110611030.21,26839759881.09,29661252018.08,35090428237.33,36166118953.42,38712462741.97,44599511887.91,47436024531.27,47782550088.77
2,Российская Федерация,ЭЛЕКТРОЭНЕРГИЯ И ГАЗ,1690655680.0,2162207096.0,2145668486.0,2572987541.0,3030164556.0,3665279734.63,4219137424.26,4160147357.63,4491574371.8,4712009046.89,4917676983.22,5332278137.3,5379682101.53,5641920057.83,5805454072.83,5959974485.08
3,Белгородская область,ДОБЫЧА ПОЛЕЗНЫХ ИСКОПАЕМЫХ,40389903.8,41101609.9,56922776.3,62221491.5,35375249.7,73704030.2,110158114.1,94390019.14,96017055.3,84222653.6,81211147.2,88929906.1,116588313.5,148863422.7,178389894.9,189803813.7
4,Белгородская область,ОБРАБАТЫВАЮЩИЕ ПРОИЗВОДСТВА,101733703.2,136648611.4,191797767.1,270780688.3,241638293.0,319535999.4,369160548.9,409329770.08,404466628.54,470245297.24,562897323.5,603881379.96,629092604.8,710828806.31,722699719.47,746380688.41
5,Белгородская область,ЭЛЕКТРОЭНЕРГИЯ И ГАЗ,14705846.7,17032566.2,16144094.65,17132154.3,18758086.0,22524715.5,25057795.6,25258992.3,28868066.8,27360423.8,28740007.8,28225012.75,27030715.9,26805485.3,26542583.5,26787381.9
6,Брянская область,ДОБЫЧА ПОЛЕЗНЫХ ИСКОПАЕМЫХ,136414.9,141595.15,160417.4,158416.6,171627.7,248249.7,370310.5,408871.4,387776.8,433378.3,425336.6,280672.3,277427.7,261549.5,338027.3,310665.9
7,Брянская область,ОБРАБАТЫВАЮЩИЕ ПРОИЗВОДСТВА,36954183.75,46796419.55,59920063.1,72687051.45,57848286.7,73862693.9,91981850.8,110054591.9,117647499.35,126464695.63,171551076.2,175557997.82,191018941.6,218544123.8,253661572.1,255686208.3
8,Брянская область,ЭЛЕКТРОЭНЕРГИЯ И ГАЗ,7847969.3,8145168.2,8010096.4,9274234.3,10540095.9,12958634.0,14010325.7,14101974.73,10924213.6,13835732.87,15548651.8,16828772.5,16064108.9,17730258.7,17708749.5,17876399.5
9,Владимирская область,ДОБЫЧА ПОЛЕЗНЫХ ИСКОПАЕМЫХ,552232.8,749592.05,1148717.5,1671730.88,1302697.05,1516791.1,1632291.4,2142804.85,3643259.3,4648023.3,3406255.4,3180328.6,4003911.4,5005218.9,5425671.9,4965110.5
10,Владимирская область,ОБРАБАТЫВАЮЩИЕ ПРОИЗВОДСТВА,81951987.52,99360809.0,144721046.4,160852829.7,142251801.0,189370407.9,222325446.8,244800473.96,270978369.61,313682226.6,376168121.2,411594159.61,406483639.23,448427737.2,491830249.31,526153656.11
11,Владимирская область,ЭЛЕКТРОЭНЕРГИЯ И ГАЗ,12290273.45,15452645.3,13835109.3,17245520.65,20016688.55,22523478.7,26367923.2,28155375.0,30056751.8,31440918.05,33321196.9,36603516.27,33308180.36,36295121.0,37815667.16,37264660.97
12,Воронежская область,ДОБЫЧА ПОЛЕЗНЫХ ИСКОПАЕМЫХ,988239.1,1476910.4,2024267.4,2816051.0,2865124.0,2737212.8,3100083.9,5618142.38,7982461.23,5246206.88,5250336.9,5601161.95,6282741.9,7726219.1,9026582.6,9230600.5
13,Воронежская область,ОБРАБАТЫВАЮЩИЕ ПРОИЗВОДСТВА,76778528.4,89882714.0,109969055.4,139869049.4,132502856.9,175892206.4,228301974.6,250018923.19,258914182.61,310682364.91,396550138.6,414143512.46,422943623.6,448223412.7,505912516.6,552645129.4
14,Воронежская область,ЭЛЕКТРОЭНЕРГИЯ И ГАЗ,16246042.4,20879785.7,20814466.8,27016514.74,34450827.24,42016187.7,42595752.7,47264531.76,55283057.3,57921548.72,59743831.8,64230792.22,88207265.3,99618105.83,110384800.9,137798961.7
15,Ивановская область,ДОБЫЧА ПОЛЕЗНЫХ ИСКОПАЕМЫХ,247417.5,363587.9,458240.7,676473.7,429417.0,596385.7,664325.9,739778.6,687440.6,747344.3,932747.0,891811.4,754680.2,971838.3,1237760.3,1170505.2
16,Ивановская область,ОБРАБАТЫВАЮЩИЕ ПРОИЗВОДСТВА,27397913.6,33667498.2,44112445.5,54707284.87,49500593.86,70363406.0,73821411.8,82749515.25,91906644.9,91571224.2,114727245.48,119270384.0,133335467.9,152791673.1,158111515.2,184046210.8
17,Ивановская область,ЭЛЕКТРОЭНЕРГИЯ И ГАЗ,11567501.9,14347999.0,14147503.8,16125140.71,18128067.2,24728422.1,25070854.1,25237620.2,27608636.4,26531333.8,28550425.2,30806662.2,32003154.6,31077060.8,29421045.8,28174991.4
18,Калужская область,ДОБЫЧА ПОЛЕЗНЫХ ИСКОПАЕМЫХ,927793.8,1169575.8,1413640.9,2236316.95,1652481.65,2001034.6,1529897.7,1615670.4,3524432.5,3822711.45,4582027.4,2810632.65,3672184.1,3937936.0,3712914.3,4778744.1
19,Калужская область,ОБРАБАТЫВАЮЩИЕ ПРОИЗВОДСТВА,55376371.24,67937804.54,91070512.68,151480708.4,153672590.6,281124036.2,356187607.4,420363758.25,428617394.65,454878066.13,456942443.2,517016154.65,672705723.5,830715979.7,882806003.4,883848076.8
20,Калужская область,ЭЛЕКТРОЭНЕРГИЯ И ГАЗ,12330827.2,9112528.5,7666279.49,9189325.96,14979952.8,13023853.9,15087753.7,16811532.4,17952548.35,19355704.55,20631701.7,21474898.2,23199689.2,23282434.3,23566269.8,25199220.5
21,Костромская область,ДОБЫЧА ПОЛЕЗНЫХ ИСКОПАЕМЫХ,91031.0,91427.3,160246.9,229877.1,145791.8,185069.8,253805.4,233360.7,296709.3,286576.8,725291.4,331505.4,317428.3,400884.8,1021948.8,1151136.2
22,Костромская область,ОБРАБАТЫВАЮЩИЕ ПРОИЗВОДСТВА,24826937.2,34065533.83,50947897.26,63379249.7,49822046.7,70201371.6,81591078.7,96282728.3,100103280.72,101087745.0,108057516.4,106428629.8,118263216.38,135819920.2,143962807.8,137460634.8
23,Костромская область,ЭЛЕКТРОЭНЕРГИЯ И ГАЗ,13620550.1,16134507.1,16441239.45,20891294.8,21174508.0,24703305.6,29461309.3,30806535.0,33562430.7,36551447.6,34179346.7,36590073.4,39628210.8,36784728.6,41467418.1,32142719.0
24,Курская область,ДОБЫЧА ПОЛЕЗНЫХ ИСКОПАЕМЫХ,21015318.5,21934135.1,26157750.0,33708760.9,16706891.0,38473169.8,53257094.8,48978727.7,50092604.1,43030162.9,44939583.4,49179984.2,67782750.0,91249480.0,105884871.7,104702314.0
25,Курская область,ОБРАБАТЫВАЮЩИЕ ПРОИЗВОДСТВА,35523647.0,43204171.64,58246220.66,69999234.35,70859401.65,82607645.8,94857193.5,104611831.35,114020237.66,119510454.01,151800308.4,167196610.05,176100175.2,194722555.4,197465869.8,210207310.4
26,Курская область,ЭЛЕКТРОЭНЕРГИЯ И ГАЗ,23211527.9,25353337.8,28592177.03,34960939.4,44433446.15,54342543.8,55638013.4,51341982.0,50936790.92,59714245.92,59316467.2,59149956.8,60308600.5,58383081.5,60319708.5,57324742.9
27,Липецкая область,ДОБЫЧА ПОЛЕЗНЫХ ИСКОПАЕМЫХ,1203125.2,1971660.2,3407524.9,4124133.9,3083785.0,3045511.0,3654905.0,5139567.8,5618268.35,5434058.1,5002472.1,5071710.02,5765034.1,7051861.7,7731655.2,6843657.3
28,Липецкая область,ОБРАБАТЫВАЮЩИЕ ПРОИЗВОДСТВА,180854803.0,219487572.8,253261731.3,317542524.8,228463448.9,303619441.9,355824212.8,382979179.17,386962173.25,451425809.43,536869497.3,574429917.38,628043268.2,756975670.3,683021815.9,737842641.0
29,Липецкая область,ЭЛЕКТРОЭНЕРГИЯ И ГАЗ,16892796.7,14347033.7,13233866.1,16666966.3,17952342.0,22716426.2,26348564.4,26035212.95,27088963.65,27818178.57,28941375.9,27249417.69,25921159.6,25534033.2,24443387.1,23272161.3
30,Московская область,ДОБЫЧА ПОЛЕЗНЫХ ИСКОПАЕМЫХ,3783851.5,5214695.4,7496608.6,11931251.87,9611706.77,7183868.6,7455736.3,8514240.47,9101201.2,10078140.52,15495486.9,12273113.97,13869594.7,12744378.6,15399185.4,13840410.0
31,Московская область,ОБРАБАТЫВАЮЩИЕ ПРОИЗВОДСТВА,523214844.1,625948991.7,908782277.9,1069302709.0,1032252834.0,1241243464.72,1425058084.36,1528670046.92,1611823466.03,1767158796.7,2086348910.38,2161204874.63,2328070910.42,2600340207.06,3014481197.2,3116645931.94
32,Московская область,ЭЛЕКТРОЭНЕРГИЯ И ГАЗ,91538252.91,105960489.7,106006825.4,136928800.0,181524788.3,243276549.94,306841084.25,262030914.37,259976400.25,259483515.36,268204854.9,292428968.65,279036305.49,287727587.95,276445386.0,278649519.01
33,Орловская область,ДОБЫЧА ПОЛЕЗНЫХ ИСКОПАЕМЫХ,71015.0,66646.2,120592.6,130078.0,93209.0,89859.4,182456.2,287721.4,135591.8,124598.5,147475.9,107020.67,105945.1,231823.8,279700.5,264510.4
34,Орловская область,ОБРАБАТЫВАЮЩИЕ ПРОИЗВОДСТВА,34781812.7,40797795.43,47795329.19,49612526.4,40435281.75,53966493.9,66441805.2,70809566.64,71709261.67,80157295.28,104302411.4,105689059.85,104210691.2,115793202.9,117839329.5,132055767.3
35,Орловская область,ЭЛЕКТРОЭНЕРГИЯ И ГАЗ,8134537.1,6886734.0,8620830.35,7347280.0,8236372.15,9689551.9,13674332.6,13668008.23,10280231.1,12258887.09,12744111.1,13656159.1,13353015.8,13793879.5,13508055.7,13424737.5
36,Рязанская область,ДОБЫЧА ПОЛЕЗНЫХ ИСКОПАЕМЫХ,615926.5,688454.8,1055957.6,1238998.5,940233.4,1526844.0,1806468.45,2236942.6,2466181.85,2033262.1,2402185.6,1465415.5,1781007.5,1664019.4,1571524.0,1509023.3
37,Рязанская область,ОБРАБАТЫВАЮЩИЕ ПРОИЗВОДСТВА,53928990.1,65180751.4,85367149.0,105334069.6,96548154.99,129846901.1,148008866.23,173418718.45,191486105.49,200669324.05,250367971.92,251462837.89,277309421.2,303564399.5,326074186.2,341384630.8
38,Рязанская область,ЭЛЕКТРОЭНЕРГИЯ И ГАЗ,16107927.3,19136986.2,19273225.7,23400856.1,25243458.6,29031393.5,33583331.5,33277447.42,36072098.9,35038150.45,32929924.4,38945613.22,37934627.6,38454314.1,39783426.0,40118028.7
39,Смоленская область,ДОБЫЧА ПОЛЕЗНЫХ ИСКОПАЕМЫХ,619670.82,684675.0,851355.7,1306057.92,950452.22,1104013.7,1269592.9,1777339.09,1989630.05,1397822.4,1026000.3,1404082.43,1453951.9,1791166.9,1619481.5,2038290.5
40,Смоленская область,ОБРАБАТЫВАЮЩИЕ ПРОИЗВОДСТВА,51398083.51,58954426.1,75327791.3,86743983.44,80049276.04,105016660.6,121946506.4,129459518.4,137850540.11,140286238.37,178437925.74,180556955.94,192044237.4,209367235.3,209663736.7,219478208.7
41,Смоленская область,ЭЛЕКТРОЭНЕРГИЯ И ГАЗ,23391788.3,26770862.2,27863664.43,35849755.97,44412832.88,53812209.7,45820658.8,46343611.93,52194221.51,53871991.31,55430550.4,55230377.6,54534293.9,55189174.9,53819855.4,54579627.0
42,Тамбовская область,ДОБЫЧА ПОЛЕЗНЫХ ИСКОПАЕМЫХ,55568.4,34504.3,100901.3,82381.7,194505.8,97758.2,96914.5,115484.4,162553.87,158171.3,173438.8,127284.3,145464.0,199560.8,291500.3,267666.1
43,Тамбовская область,ОБРАБАТЫВАЮЩИЕ ПРОИЗВОДСТВА,23070239.3,26667831.3,39039085.5,43779024.9,46862008.24,50412816.1,80489986.9,83330518.98,89453030.71,100852232.89,126629287.0,137364204.85,134328620.5,162991213.31,172108450.1,188201670.58
44,Тамбовская область,ЭЛЕКТРОЭНЕРГИЯ И ГАЗ,6505696.5,6834479.7,6871637.3,8998103.3,9747857.69,10713660.26,11941274.4,13264471.14,14354119.42,14812878.95,15501558.6,16125547.25,16098686.8,15773001.0,15590773.0,14878456.32
45,Тверская область,ДОБЫЧА ПОЛЕЗНЫХ ИСКОПАЕМЫХ,225107.0,468665.94,521006.95,821568.3,383794.45,921752.2,1342982.5,1961332.24,1772390.88,967666.4,1265766.4,1069833.7,754627.0,969682.1,759354.5,789317.0
46,Тверская область,ОБРАБАТЫВАЮЩИЕ ПРОИЗВОДСТВА,59321952.64,73049791.07,90524466.59,119022282.3,103600960.8,124106342.86,142949158.02,165888847.83,179908541.11,183904940.3,198375884.93,216934017.29,246184673.8,308286468.8,344052282.6,341532380.55
47,Тверская область,ЭЛЕКТРОЭНЕРГИЯ И ГАЗ,22640022.82,32759114.19,37213520.33,42659905.3,48213428.04,59476269.2,62820753.0,69643528.49,82430400.84,86541298.88,88438131.0,88012986.48,94874218.1,103027741.3,99972424.2,92219041.6
48,Тульская область,ДОБЫЧА ПОЛЕЗНЫХ ИСКОПАЕМЫХ,954662.9,1264620.5,1820033.7,2678297.5,1895277.9,1809619.8,2310038.8,3568826.4,4335835.37,5145515.1,5649932.4,4339122.0,5548336.4,6153013.6,7569838.2,8334138.3
49,Тульская область,ОБРАБАТЫВАЮЩИЕ ПРОИЗВОДСТВА,125101834.0,144827452.5,189130789.4,246029791.8,190035848.5,243146420.2,308752083.4,327597230.3,366469367.09,438461831.29,524308249.0,570971540.05,629921385.3,703296907.5,740950206.1,850736047.67
50,Тульская область,ЭЛЕКТРОЭНЕРГИЯ И ГАЗ,18987553.5,23575502.9,23969823.4,24608296.6,26830935.9,33874720.4,34306373.4,35500683.9,35887016.37,41308381.2,48250710.8,51266134.26,49630401.2,49811737.6,55249687.5,55211893.3
51,Ярославская область,ДОБЫЧА ПОЛЕЗНЫХ ИСКОПАЕМЫХ,372388.0,367584.6,439991.5,636857.0,494045.3,580540.6,1432605.2,1086066.5,1134792.1,1175871.0,1223841.8,981648.2,1172159.0,1566211.9,1892185.3,1205598.3
52,Ярославская область,ОБРАБАТЫВАЮЩИЕ ПРОИЗВОДСТВА,93470653.0,102700657.8,139835310.9,154084012.0,128660682.5,162944402.5,191967773.7,219859125.21,237393612.39,249696147.61,310374386.7,314478851.6,338015811.9,390117032.2,395894307.87,420810277.3
53,Ярославская область,ЭЛЕКТРОЭНЕРГИЯ И ГАЗ,17188925.4,19541016.7,17811617.6,21308762.4,24241185.0,27717501.6,30340005.4,30569538.8,33447128.4,33655568.0,32713575.3,36052295.2,43670556.9,45608189.6,44105943.0,46191636.0
54,город Москва,ДОБЫЧА ПОЛЕЗНЫХ ИСКОПАЕМЫХ,4140710.47,107079100.3,437158097.1,464034416.6,472046992.4,488054965.0,643044319.7,713335724.9,795805384.5,732852945.4,878268535.6,966512805.21,1272415320.7,1808822841.3,1760325218.9,1092663698.4
55,город Москва,ОБРАБАТЫВАЮЩИЕ ПРОИЗВОДСТВА,1002261360.0,1519597473.0,1851644163.0,2129463100.0,1638278439.0,2049657674.2,2405166705.5,2655110720.6,3468492076.38,4163849996.94,5156076899.8,5761913890.34,5568602450.7,6413663232.2,7249902240.4,7529104650.3
56,город Москва,ЭЛЕКТРОЭНЕРГИЯ И ГАЗ,158823559.3,314834493.2,253878798.7,292051222.9,351594893.0,449390618.7,593778943.0,528915734.5,561463567.6,574189591.6,628697084.4,755361102.6,756675440.8,783384439.7,783044638.8,964262427.1
57,Республика Карелия,ДОБЫЧА ПОЛЕЗНЫХ ИСКОПАЕМЫХ,20227908.5,17315374.6,22627434.2,27768496.5,17029990.9,35188116.4,51771890.4,48761729.93,51004030.9,49048188.4,46285683.8,52404932.95,73729067.8,83395342.6,91188860.3,88083157.0
58,Республика Карелия,ОБРАБАТЫВАЮЩИЕ ПРОИЗВОДСТВА,31302698.9,36610302.3,44272537.5,47892877.98,40963386.55,51968500.1,56071753.8,54157839.75,46613802.35,55435161.08,76438873.6,86809162.9,93267985.1,121609921.75,126762282.53,126255184.93
59,Республика Карелия,ЭЛЕКТРОЭНЕРГИЯ И ГАЗ,9107547.9,10086522.5,9983067.0,11081286.38,13194338.2,16453276.4,17976873.6,19825343.27,20717154.8,21842681.85,24763806.5,28364643.4,26676171.2,25664323.2,25678831.8,26728754.5
60,Республика Коми,ДОБЫЧА ПОЛЕЗНЫХ ИСКОПАЕМЫХ,78787815.3,95499295.2,91247722.2,125953798.0,127253904.9,166406357.5,204529185.2,237306075.1,248967810.1,249067732.4,295708193.3,295261952.7,314269797.7,400372547.2,425992069.0,303708239.3
61,Республика Коми,ОБРАБАТЫВАЮЩИЕ ПРОИЗВОДСТВА,70478469.1,82224576.5,86494383.8,88213316.5,87279038.4,100922995.9,135496517.34,147305197.25,158457842.7,161947225.6,175276726.1,164306821.52,170537208.73,194300579.76,199128119.23,190136442.48
62,Республика Коми,ЭЛЕКТРОЭНЕРГИЯ И ГАЗ,16074050.4,23097629.0,20576044.9,24315611.5,30122821.4,34420839.2,35957944.29,36422990.76,39848534.6,43161154.6,43971205.0,45514196.75,47107879.9,44612610.9,43013227.53,42455955.55
63,Ненецкий автономный округ (Архангельская область),ДОБЫЧА ПОЛЕЗНЫХ ИСКОПАЕМЫХ,41898040.3,50635724.7,77580971.0,88966252.2,139683279.7,153567368.7,171225348.1,176813929.1,181672646.7,187517356.5,217123363.1,233011811.8,267857887.6,352133840.4,359496314.3,255509734.0
64,Ненецкий автономный округ (Архангельская область),ОБРАБАТЫВАЮЩИЕ ПРОИЗВОДСТВА,345181.6,426650.2,497776.6,573406.5,802335.7,1150019.5,847765.6,1154483.2,1092263.6,5783208.5,12532100.2,22369724.8,21433913.5,14916142.3,1553084.9,1713211.5
65,Ненецкий автономный округ (Архангельская область),ЭЛЕКТРОЭНЕРГИЯ И ГАЗ,500281.1,667846.5,716972.9,927013.8,1383699.3,1691539.6,1841768.1,2077923.5,2655141.4,3075614.3,3170651.4,3908564.2,3832246.7,3062515.6,3991386.3,5041518.4
66,Архангельская область (кроме Ненецкого автономного округа),ДОБЫЧА ПОЛЕЗНЫХ ИСКОПАЕМЫХ,1566886.400000006,1047620.099999994,932576.200000003,1848284.849999994,2010882.400000006,2166659.100000024,2866410.319999993,2156737.900000006,2809707.200000018,7364928.0,18468235.599999994,24664373.699999988,27140121.8,33267927.0,33553813.1,30698169.7
67,Архангельская область (кроме Ненецкого автономного округа),ОБРАБАТЫВАЮЩИЕ ПРОИЗВОДСТВА,64143072.94,58485266.3,67548731.95,86174913.15,61736897.65,97211749.8,101099145.35000001,117860910.72,263791316.55,149716844.41,160872718.70000002,145656682.0,289234907.2,232650643.3,193168477.7,259143871.78
68,Архангельская область (кроме Ненецкого автономного округа),ЭЛЕКТРОЭНЕРГИЯ И ГАЗ,14021273.700000001,20127305.3,18212424.3,20071976.73,23278019.37,27035272.4,29053556.369999997,30328377.62,31406148.840000004,30777344.400000002,32162700.1,32773176.56,32841559.6,31823418.3,34362608.9,36359400.42
69,Вологодская область,ДОБЫЧА ПОЛЕЗНЫХ ИСКОПАЕМЫХ,163110.4,206940.2,258861.3,311996.5,287601.4,348667.8,359398.1,436591.1,495350.5,395500.1,589142.0,554460.2,632013.8,797622.2,634218.6,612397.6
70,Вологодская область,ОБРАБАТЫВАЮЩИЕ ПРОИЗВОДСТВА,213085158.9,236959776.9,292699739.6,375166699.2,235523419.2,319956073.6,400082399.7,388255123.58,374616369.03,409032720.75,498161518.49,515013392.38,572244453.13,692721179.59,704649049.85,728137683.51
71,Вологодская область,ЭЛЕКТРОЭНЕРГИЯ И ГАЗ,17217661.9,20245818.3,20023396.3,21749848.0,24060882.2,29536865.6,27596102.5,30940964.11,33740111.05,35580632.2,40875661.34,43212650.25,40646493.47,40464331.84,41971419.33,40112366.04
72,Калининградская область,ДОБЫЧА ПОЛЕЗНЫХ ИСКОПАЕМЫХ,12486607.2,12828823.3,13800105.8,15106185.21,13290001.2,13034156.8,16594481.9,17127509.41,15302487.34,13083877.42,14828736.4,14843351.6,18259871.8,18428163.6,18593404.5,14788998.7
73,Калининградская область,ОБРАБАТЫВАЮЩИЕ ПРОИЗВОДСТВА,61612963.8,106265265.6,164536381.9,193984932.6,157167522.9,216767011.8,275795280.46,325691322.67,339318267.14,419356992.36,422286936.8,424135858.38,464119224.3,576618326.9,599548151.21,579414803.93
74,Калининградская область,ЭЛЕКТРОЭНЕРГИЯ И ГАЗ,7611701.4,9285391.84,11653715.8,13973613.9,15192950.51,18293105.8,25111972.1,20321758.3,21825383.16,22685490.15,22987621.3,26571986.86,28773085.8,37791453.4,46186085.2,49918467.8
75,Ленинградская область,ДОБЫЧА ПОЛЕЗНЫХ ИСКОПАЕМЫХ,4129574.8,5911791.6,7460873.9,11000121.85,8447306.5,8314328.2,9383976.02,15530613.85,15864449.21,14400804.35,13219715.4,11460817.8,11402281.9,15857470.2,15726564.1,15391484.6
76,Ленинградская область,ОБРАБАТЫВАЮЩИЕ ПРОИЗВОДСТВА,162569961.9,205677148.3,244352349.7,315967166.5,318177895.1,376894053.5,449542978.67,504378137.39,519640142.56,645072810.67,851522080.3,899579550.69,909007747.5,1095744590.0,1115017076.8,1091256081.5
77,Ленинградская область,ЭЛЕКТРОЭНЕРГИЯ И ГАЗ,31720121.1,36580358.65,42783440.25,52396669.7,64824865.6,77932107.7,103227937.5,106698039.55,137956059.01,149173211.65,99767596.1,105308067.9,99029137.3,130252161.3,177690556.0,169188746.4
78,Мурманская область,ДОБЫЧА ПОЛЕЗНЫХ ИСКОПАЕМЫХ,27035517.9,29476683.4,35361593.3,60270326.6,46719377.5,62384089.6,82722196.1,78943641.2,93187144.4,82162778.0,106425986.2,124267226.4,107972566.2,96258308.2,143328936.4,199187594.0
79,Мурманская область,ОБРАБАТЫВАЮЩИЕ ПРОИЗВОДСТВА,45558359.7,54699752.79,64201204.7,50921401.27,52570155.94,88592867.6,87229302.6,96299074.86,88347396.62,114264694.83,147939773.7,139900746.91,160154261.7,185431317.6,321233236.2,745236878.3
80,Мурманская область,ЭЛЕКТРОЭНЕРГИЯ И ГАЗ,23278412.5,23038701.61,25804844.6,30183504.94,36154540.2,43397867.6,48568331.6,52005392.0,57105692.3,55741153.29,56927389.0,62036019.46,58975777.8,57998716.0,59980538.0,54903783.96
81,Новгородская область,ДОБЫЧА ПОЛЕЗНЫХ ИСКОПАЕМЫХ,180970.9,244969.05,185722.85,338392.0,547394.1,626411.8,958869.5,1106234.8,1243647.2,1638190.7,2414111.5,3735095.6,1593288.9,1178197.8,1153230.8,962587.4
82,Новгородская область,ОБРАБАТЫВАЮЩИЕ ПРОИЗВОДСТВА,52412422.15,59269982.85,73161737.65,97937464.73,80261848.1,99844526.7,119361552.0,124883534.35,129436217.92,150602611.29,189449897.7,191679854.47,181982321.9,201188437.3,202563486.8,208251704.2
83,Новгородская область,ЭЛЕКТРОЭНЕРГИЯ И ГАЗ,7544750.6,8397316.5,6754090.75,8300817.5,9942113.1,11479644.9,11681523.7,13172130.6,13527870.0,14894867.96,15918278.5,21294012.14,19405068.2,21581520.4,19871297.8,19773169.6
84,Псковская область,ДОБЫЧА ПОЛЕЗНЫХ ИСКОПАЕМЫХ,92346.0,136528.3,270817.4,408653.1,453073.6,277685.9,441142.2,656143.6,905181.7,982768.7,1250201.9,1055714.4,1370713.6,1958914.6,2104658.3,2401920.1
85,Псковская область,ОБРАБАТЫВАЮЩИЕ ПРОИЗВОДСТВА,22475024.7,26226396.75,34816550.02,40507389.1,33980778.53,47185633.6,61752499.9,62389647.95,64413155.9,63522598.5,81734479.8,85900659.64,94886638.5,103644095.6,124228414.6,122905954.9
86,Псковская область,ЭЛЕКТРОЭНЕРГИЯ И ГАЗ,5044821.9,5656661.3,5903088.7,6424066.2,7675173.1,9360646.2,10459903.3,10423030.3,10928826.8,10541807.0,10565177.6,11267833.7,11490579.3,11760316.2,11741784.8,12002802.0
87,город Санкт-Петербург,ДОБЫЧА ПОЛЕЗНЫХ ИСКОПАЕМЫХ,1260649.6,1175607.5,1069672.55,1381374.7,800859.6,1721743.1,3164887.88,1768749.6,10019280.4,14725563.3,16797739.1,13233962.1,20016792.8,24035471.8,37276810.6,35897627.6
88,город Санкт-Петербург,ОБРАБАТЫВАЮЩИЕ ПРОИЗВОДСТВА,372490642.9,442212990.0,549995408.9,721113320.2,994090280.5,1318895666.82,1740535724.51,2069394070.02,1976411810.23,2089706587.86,2263057200.8,2062005158.97,2221316703.7,2615909723.1,2679285004.7,2564838334.6
89,город Санкт-Петербург,ЭЛЕКТРОЭНЕРГИЯ И ГАЗ,59549378.11,56769426.44,95233162.49,82879707.88,104951012.5,127810825.3,147413553.55,150924633.45,173698121.61,178707848.69,181157386.6,218137014.95,213937864.6,213389459.9,215548778.7,203617516.5
90,Республика Адыгея (Адыгея),ДОБЫЧА ПОЛЕЗНЫХ ИСКОПАЕМЫХ,568380.9,602761.6,802900.0,1945042.9,815589.0,705013.5,907092.7,1741808.7,2164458.8,1964454.0,2077847.8,2389757.1,2740092.8,3392743.3,3709522.0,2422944.4
91,Республика Адыгея (Адыгея),ОБРАБАТЫВАЮЩИЕ ПРОИЗВОДСТВА,5480308.6,6366148.2,8420131.6,12125211.7,13083264.6,18124674.0,20717782.5,23705276.1,28275294.04,31557773.34,43280087.3,48425644.1,47823191.7,52529038.9,50080386.5,51784957.4
92,Республика Адыгея (Адыгея),ЭЛЕКТРОЭНЕРГИЯ И ГАЗ,1935083.5,1899307.7,1573465.7,1851090.9,1662003.2,1490438.2,1698206.1,1988294.46,2139204.05,2229229.8,2502632.9,2773105.3,2346320.3,2427567.1,2533431.5,4870689.2
93,Республика Калмыкия,ОБРАБАТЫВАЮЩИЕ ПРОИЗВОДСТВА,395747.4,471660.6,498728.53,866382.5,957481.8,1130967.3,1171362.0,861574.4,918209.13,886513.7,1006983.1,735085.6,1234910.4,930010.74,695091.98,604967.3
94,Республика Калмыкия,ЭЛЕКТРОЭНЕРГИЯ И ГАЗ,1312043.8,1413942.8,1029250.6,1128001.4,1622034.8,1862034.9,2155196.4,2498851.05,2459467.4,2634192.2,2683023.5,3022837.2,2054490.5,2699669.8,2905599.4,4114195.2
95,Республика Крым,ДОБЫЧА ПОЛЕЗНЫХ ИСКОПАЕМЫХ,,,,,,,,,,2948939.6,8186286.5,12328384.15,10786642.2,14372450.2,10992783.3,12350320.9
96,Республика Крым,ОБРАБАТЫВАЮЩИЕ ПРОИЗВОДСТВА,,,,,,,,,,23504615.2,57537833.3,74005063.93,78646762.04,93537356.82,99091919.7,100422035.18
97,Республика Крым,ЭЛЕКТРОЭНЕРГИЯ И ГАЗ,,,,,,,,,,13555489.9,25552752.2,31020628.1,35383015.9,37020516.6,37760565.2,49583786.2
98,Краснодарский край,ДОБЫЧА ПОЛЕЗНЫХ ИСКОПАЕМЫХ,10226071.6,13609885.51,10080100.9,13300467.73,13580654.95,17079673.6,18333774.0,18987973.95,20948098.4,22116121.14,26723044.7,39582697.4,53142476.7,52498279.3,64340657.7,24330834.5
99,Краснодарский край,ОБРАБАТЫВАЮЩИЕ ПРОИЗВОДСТВА,139320513.3,178196507.0,242424959.0,284076015.5,263229463.6,341186699.36,385869951.83,483091257.81,532123414.67,661813186.78,831084947.84,825465070.3,923475501.3,1025101413.11,967478970.09,918998326.79
100,Краснодарский край,ЭЛЕКТРОЭНЕРГИЯ И ГАЗ,35416199.85,39047968.62,49613755.5,61991820.59,73786393.5,84354208.33,98676710.56,100329157.92,117373069.56,97150147.39,109727212.55,119759215.3,110398691.8,121025441.72,117414456.28,113499769.26
101,Астраханская область,ДОБЫЧА ПОЛЕЗНЫХ ИСКОПАЕМЫХ,9503750.7,13370920.5,13686810.7,9319390.5,18548275.3,22508089.3,32245676.8,68392862.7,93638406.3,100786060.2,125060487.2,137479662.7,226960972.4,346022363.8,339167957.3,249844173.9
102,Астраханская область,ОБРАБАТЫВАЮЩИЕ ПРОИЗВОДСТВА,21550020.3,24040483.5,29939408.6,67243356.0,33630640.0,40937660.7,47863305.9,39812123.7,48550764.74,48602490.0,61013672.3,61916666.4,53839490.4,61945738.9,76914575.7,76028083.9
103,Астраханская область,ЭЛЕКТРОЭНЕРГИЯ И ГАЗ,9868572.7,8154798.3,8322652.3,8129537.0,10790321.2,13237822.2,15614829.7,17150543.1,20123629.0,23623629.1,25552793.0,28401900.1,27700172.2,27806375.5,29213093.3,29929257.8
104,Волгоградская область,ДОБЫЧА ПОЛЕЗНЫХ ИСКОПАЕМЫХ,16004153.3,18701315.9,20811576.4,23399797.46,22995339.6,29846591.2,39243233.2,45510941.7,45758322.2,45724560.7,48094333.1,45487289.75,47984776.0,63480491.0,58875263.5,34272695.0
105,Волгоградская область,ОБРАБАТЫВАЮЩИЕ ПРОИЗВОДСТВА,190585090.0,232830890.9,280312376.5,364525007.2,293914496.8,384316849.1,441570698.0,487115502.78,491156919.3,576019769.8,633926108.2,615925694.36,724306128.6,882562977.7,905402776.03,775584323.2
106,Волгоградская область,ЭЛЕКТРОЭНЕРГИЯ И ГАЗ,25609560.9,28489927.1,26304984.6,31708757.77,41187222.2,47922162.73,54423706.7,53946769.7,58335116.4,60957555.3,65371488.9,63363990.78,66846910.7,71872041.8,72771334.54,72780640.71
107,Ростовская область,ДОБЫЧА ПОЛЕЗНЫХ ИСКОПАЕМЫХ,7967527.3,9834713.3,14854125.9,22381402.77,12133110.5,13623060.8,17363655.6,18613643.2,17582306.9,20699548.6,24022667.4,21227860.7,29664232.1,33456880.3,34041272.2,34206877.9
108,Ростовская область,ОБРАБАТЫВАЮЩИЕ ПРОИЗВОДСТВА,163169757.0,191211576.8,254965363.7,335426214.2,262304480.5,351698820.6,436741881.0,489847673.1,509011888.6,518994909.8,643735263.0,718359623.5,772905048.77,906802757.97,873734891.06,849342841.85
109,Ростовская область,ЭЛЕКТРОЭНЕРГИЯ И ГАЗ,34726049.5,42560934.5,40601254.8,51113841.7,55710727.85,67566721.2,87967181.4,85751211.1,98613981.9,108396277.2,120470955.1,141823407.8,133563445.8,153514344.2,165944219.38,162209551.2
110,город Севастополь,ОБРАБАТЫВАЮЩИЕ ПРОИЗВОДСТВА,,,,,,,,,,3742685.3,11815218.2,13971571.2,13310215.6,11271530.3,15859181.6,15630051.1
111,город Севастополь,ЭЛЕКТРОЭНЕРГИЯ И ГАЗ,,,,,,,,,,729166.0,5805265.9,7158744.8,6492008.5,19102578.7,4259713.1,8877990.5
112,Республика Дагестан,ДОБЫЧА ПОЛЕЗНЫХ ИСКОПАЕМЫХ,2680173.85,2330661.1,2717023.9,2235294.52,2067950.4,2426472.6,2898332.6,3447311.18,3108639.6,3170352.3,3336712.0,3755218.5,4922488.5,5431497.5,5415295.7,4280095.7
113,Республика Дагестан,ОБРАБАТЫВАЮЩИЕ ПРОИЗВОДСТВА,10545924.47,11856045.31,15716650.18,16948995.67,19991836.87,16600622.4,24808096.1,27508274.71,30707813.14,26665824.63,23492848.1,32527963.02,40558116.7,45566698.6,46570751.3,43722489.4
114,Республика Дагестан,ЭЛЕКТРОЭНЕРГИЯ И ГАЗ,4410851.2,5111458.9,5743416.6,8348804.21,11401919.7,14167364.2,14071615.6,12152082.34,14076993.76,14167972.19,14166750.3,18077750.29,19314855.1,21949477.2,19469195.5,17750862.4
115,Республика Ингушетия,ДОБЫЧА ПОЛЕЗНЫХ ИСКОПАЕМЫХ,642597.5,559592.3,408838.2,394574.1,380087.3,391561.3,775447.6,1051224.9,1343771.7,1253061.9,1279111.4,1240506.5,1462574.0,1082337.0,1187152.3,920378.4
116,Республика Ингушетия,ОБРАБАТЫВАЮЩИЕ ПРОИЗВОДСТВА,189340.7,328153.34,345548.4,333828.2,401313.3,454633.5,1093731.3,2594190.9,3191379.3,2935893.2,3901113.1,3538796.8,1864977.9,2110617.8,2216358.2,2146473.6
117,Республика Ингушетия,ЭЛЕКТРОЭНЕРГИЯ И ГАЗ,226565.4,351432.7,390342.8,536031.8,720504.9,1327748.1,1577956.9,1341573.7,1477482.9,1391324.8,1618607.5,2860821.2,1345031.2,1505786.15,1500605.4,384177.0
118,Кабардино-Балкарская Республика,ДОБЫЧА ПОЛЕЗНЫХ ИСКОПАЕМЫХ,74419.9,94296.1,121228.2,118322.0,223612.0,126318.7,109035.8,177163.67,174598.1,172845.0,209184.5,348451.73,397989.3,249162.3,260276.6,386863.6
119,Кабардино-Балкарская Республика,ОБРАБАТЫВАЮЩИЕ ПРОИЗВОДСТВА,9109890.52,9818287.05,11402997.35,16532942.63,17840557.15,22267353.42,27704018.32,34267985.39,24125923.89,29521286.19,37532312.1,32883290.47,27687862.2,30940249.45,34494994.8,38751605.03
120,Кабардино-Балкарская Республика,ЭЛЕКТРОЭНЕРГИЯ И ГАЗ,2853836.1,3458773.6,4426649.6,5183154.8,6871687.8,8394189.2,10226590.9,8092418.2,7333480.2,7566751.8,8156626.5,8526542.4,8733248.9,9828565.6,8448257.2,9541947.9
121,Карачаево-Черкесская Республика,ДОБЫЧА ПОЛЕЗНЫХ ИСКОПАЕМЫХ,543181.1,821689.9,920043.7,1139490.2,1095186.5,1523742.4,1615207.1,1754297.6,1941676.6,1934094.1,2544494.0,2682004.3,2750673.3,2820783.2,2797589.6,2713194.6
122,Карачаево-Черкесская Республика,ОБРАБАТЫВАЮЩИЕ ПРОИЗВОДСТВА,7490263.8,7170541.55,9226783.85,11722062.3,11387619.0,17284311.5,23424357.9,34094240.5,37600166.3,29998985.3,28153081.6,30014234.0,35194384.0,31149885.7,25907580.2,26494436.7
123,Карачаево-Черкесская Республика,ЭЛЕКТРОЭНЕРГИЯ И ГАЗ,3317388.7,3433804.6,3020289.4,3625779.8,4461836.7,5234983.3,5231867.7,5603283.2,6080074.6,5362002.8,5760201.6,5860981.1,9061435.9,9401309.2,9792222.4,9824939.7
124,Республика Северная Осетия-Алания,ДОБЫЧА ПОЛЕЗНЫХ ИСКОПАЕМЫХ,144866.4,359906.9,382665.46,367475.89,319371.0,406642.8,326255.7,358323.3,433082.8,547020.4,628014.7,581075.1,660597.3,701624.7,699809.5,636335.6
125,Республика Северная Осетия-Алания,ОБРАБАТЫВАЮЩИЕ ПРОИЗВОДСТВА,14035294.4,17055989.25,20858904.26,17598340.17,11396058.4,14003330.0,15521733.5,15563654.1,16639486.3,16561311.2,22648941.5,18685039.8,27588385.5,19375587.6,19573205.6,18010023.5
126,Республика Северная Осетия-Алания,ЭЛЕКТРОЭНЕРГИЯ И ГАЗ,2592629.0,3768556.64,4663038.41,3485766.24,6684634.4,4852638.8,7129438.6,6555010.2,7073913.2,7556213.3,5528838.5,6554979.7,6697325.8,7125048.5,7024792.5,15392799.3
127,Чеченская Республика,ДОБЫЧА ПОЛЕЗНЫХ ИСКОПАЕМЫХ,,,5462304.5,4951358.0,4152426.0,4053007.0,4404819.0,4290047.0,4909844.5,5440400.8,4867879.9,5195827.2,5593040.1,5271935.0,5261315.0,4552198.6
128,Чеченская Республика,ОБРАБАТЫВАЮЩИЕ ПРОИЗВОДСТВА,,,854813.6,1199966.6,813141.5,4702942.8,1645992.8,3065028.0,4473359.3,5662105.3,9812068.5,9103532.5,10185637.6,10381199.0,10935631.2,11931357.8
129,Чеченская Республика,ЭЛЕКТРОЭНЕРГИЯ И ГАЗ,,,2161115.0,2909136.4,3983713.1,4282645.1,4585151.0,5303630.6,9764590.4,12675610.1,14120409.8,14680405.5,14378846.8,15462665.5,21598599.5,24685932.8
130,Ставропольский край,ДОБЫЧА ПОЛЕЗНЫХ ИСКОПАЕМЫХ,4601154.36,6440483.4,4544024.7,6227881.89,5768805.03,6429268.5,6844947.6,8173245.18,8425247.06,9239653.29,8846954.6,9235442.94,10659488.4,10547812.9,11282941.6,11073282.6
131,Ставропольский край,ОБРАБАТЫВАЮЩИЕ ПРОИЗВОДСТВА,50335058.22,59746725.51,80039349.71,105509028.4,113179325.0,137541057.21,161181353.5,162288835.56,177175661.27,187870788.33,253762547.5,266028985.19,262210718.5,298608979.0,295086855.0,307718213.5
132,Ставропольский край,ЭЛЕКТРОЭНЕРГИЯ И ГАЗ,37520842.6,33064756.8,30931110.32,42033894.5,43591977.83,50518064.4,60225616.5,62571540.26,65085281.29,72412058.78,74463636.7,79956054.2,82963657.5,83310803.4,74894017.8,68663889.1
133,Республика Башкортостан,ДОБЫЧА ПОЛЕЗНЫХ ИСКОПАЕМЫХ,66863792.5,88647769.4,100318901.0,121796003.8,72203445.33,93808904.1,117015829.2,133473318.43,146853919.35,169092565.98,195724685.0,209446103.8,233703291.5,314529624.5,309096676.3,212923273.0
134,Республика Башкортостан,ОБРАБАТЫВАЮЩИЕ ПРОИЗВОДСТВА,366255363.1,413858083.7,450258207.2,536507520.4,481033262.3,667878652.9,824213817.14,924131550.31,961319790.99,893963972.1,978472826.1,970695378.17,1082922943.1,1245976976.57,1320851443.3,1165509906.51
135,Республика Башкортостан,ЭЛЕКТРОЭНЕРГИЯ И ГАЗ,35434863.98,49242036.8,45780227.0,51786257.8,57923116.02,72571391.2,88506142.72,88443343.0,97642101.85,109822966.25,113188164.0,122252662.32,122986510.4,128759632.57,141092975.4,137740536.7
136,Республика Марий Эл,ДОБЫЧА ПОЛЕЗНЫХ ИСКОПАЕМЫХ,79696.1,106772.9,142972.6,290680.9,215457.1,217747.7,280639.0,359907.8,383694.2,468752.3,500882.9,648938.8,656209.2,684005.2,677188.3,929458.4
137,Республика Марий Эл,ОБРАБАТЫВАЮЩИЕ ПРОИЗВОДСТВА,20156930.92,29077852.53,41937964.0,50927318.9,46594902.7,62550682.1,72786187.6,85832863.6,77449768.81,104874322.92,139430891.51,133456674.5,152085601.1,157872055.75,161680407.07,142625577.67
138,Республика Марий Эл,ЭЛЕКТРОЭНЕРГИЯ И ГАЗ,5574676.8,6167110.45,5010841.2,5829400.9,7510143.9,8728965.6,10067223.0,9694214.5,11007957.33,10862891.4,10958893.8,11967218.1,11545799.8,11878384.0,11953563.61,11947115.7
139,Республика Мордовия,ДОБЫЧА ПОЛЕЗНЫХ ИСКОПАЕМЫХ,63026.3,59749.9,181951.4,188475.8,164417.8,156130.5,237380.2,166208.9,185196.0,223646.4,231146.3,132358.9,77313.8,86371.5,96333.4,117125.5
140,Республика Мордовия,ОБРАБАТЫВАЮЩИЕ ПРОИЗВОДСТВА,39544371.7,48726685.9,70792521.3,80855624.36,64906612.7,85371611.8,88601283.1,101320058.66,106093394.1,118328390.7,132267955.8,138024387.77,167180032.6,189093698.0,207256340.4,236603930.5
141,Республика Мордовия,ЭЛЕКТРОЭНЕРГИЯ И ГАЗ,7638684.8,8879413.8,8195283.9,6667228.6,7771508.6,9566481.88,10509420.7,10211733.67,10653650.01,11592677.7,11874401.6,12183758.21,11745010.2,13576816.3,12354091.5,12387742.0
142,Республика Татарстан (Татарстан),ДОБЫЧА ПОЛЕЗНЫХ ИСКОПАЕМЫХ,197226459.3,203085638.8,232785834.7,268192546.2,281542337.5,307283593.0,373951726.3,363156150.41,367107562.29,368990720.65,439138804.2,443068831.5,547515306.4,689612358.6,688510357.1,575549655.4
143,Республика Татарстан (Татарстан),ОБРАБАТЫВАЮЩИЕ ПРОИЗВОДСТВА,261113263.3,364381949.5,469758312.5,598466696.6,504913831.6,672165387.9,864114871.68,995068292.63,1060483151.81,1183554864.8,1368999815.5,1432842581.66,1596329853.77,1930682142.6,1934816919.4,1953851587.53
144,Республика Татарстан (Татарстан),ЭЛЕКТРОЭНЕРГИЯ И ГАЗ,41494556.9,44886507.1,55644328.6,66223201.43,81105176.2,90876274.1,107240388.9,109756665.59,121565537.21,126045544.05,126649640.1,133430358.45,126863365.4,144762476.5,148123871.53,139394630.98
145,Удмуртская Республика,ДОБЫЧА ПОЛЕЗНЫХ ИСКОПАЕМЫХ,46127729.45,55194696.33,72067058.09,83774565.15,74724691.35,86186929.1,113253250.2,124512338.45,133615704.7,137644211.9,165783653.7,162170632.45,191063993.2,253383830.0,253857942.7,187616196.1
146,Удмуртская Республика,ОБРАБАТЫВАЮЩИЕ ПРОИЗВОДСТВА,69373324.89,88025729.31,111966058.7,123799065.6,105247041.1,128218962.95,158014979.8,171788825.85,190641335.32,220811168.84,273381081.5,333830621.69,321065602.03,377641415.67,406856466.6,337062165.06
147,Удмуртская Республика,ЭЛЕКТРОЭНЕРГИЯ И ГАЗ,12958692.0,16729173.65,16212104.1,19367698.21,21961961.15,24567492.3,28646277.7,27220367.47,29524099.5,33063073.2,34676926.0,37254929.1,37607632.6,40784436.0,40949487.8,41392702.2
148,Чувашская Республика - Чувашия,ДОБЫЧА ПОЛЕЗНЫХ ИСКОПАЕМЫХ,179880.0,195871.3,259685.2,400965.1,244420.5,358352.0,484150.2,695245.7,633117.7,1908883.2,638400.0,517775.0,706047.0,997299.1,727872.3,470434.3
149,Чувашская Республика - Чувашия,ОБРАБАТЫВАЮЩИЕ ПРОИЗВОДСТВА,48071135.02,59885046.85,83812297.4,123334939.6,89666358.0,106128390.8,114602877.3,131448265.5,128288553.8,133121579.1,153828977.7,163397304.47,172564654.8,197853326.4,226882384.5,221808713.37
150,Чувашская Республика - Чувашия,ЭЛЕКТРОЭНЕРГИЯ И ГАЗ,11524043.6,14212415.4,10857528.7,14923502.7,18124773.7,21675990.6,21909390.5,20789963.4,21476280.6,21955209.2,20910754.8,21801235.4,24578450.4,27133324.1,26792421.2,24286704.33
151,Пермский край,ДОБЫЧА ПОЛЕЗНЫХ ИСКОПАЕМЫХ,60873043.7,72368161.85,79212694.55,90844493.35,87230997.95,111409621.0,184062814.2,213667785.0,209238247.2,206133915.8,249038116.0,254508288.8,294130026.6,387064730.0,396475934.5,289888517.5
152,Пермский край,ОБРАБАТЫВАЮЩИЕ ПРОИЗВОДСТВА,274131507.6,311569461.6,400123101.6,567312672.5,442700959.8,548696391.3,732429214.3,760027784.46,783007839.91,846723380.37,900639442.71,868312748.86,933960295.68,1133053249.5,1156604514.3,1059475304.6
153,Пермский край,ЭЛЕКТРОЭНЕРГИЯ И ГАЗ,66146475.71,57811890.2,53263864.2,66239559.2,69337292.3,79829191.4,89354812.1,90085362.2,96925585.95,105398420.07,105588258.17,104835008.54,118341891.49,124036036.2,129108334.8,122566259.43
154,Кировская область,ДОБЫЧА ПОЛЕЗНЫХ ИСКОПАЕМЫХ,207895.9,215542.5,312558.4,463141.4,470146.7,568985.9,680991.8,910140.0,848206.05,898238.2,924787.7,1203352.6,1107196.8,1398936.8,2970150.0,1400797.26
155,Кировская область,ОБРАБАТЫВАЮЩИЕ ПРОИЗВОДСТВА,51029003.64,62154355.02,76560774.17,97820223.4,77064173.3,101916032.52,129040032.78,131144764.24,135852060.39,153928805.75,189955728.8,193715128.65,199822000.5,232092511.8,238489911.5,255581757.88
156,Кировская область,ЭЛЕКТРОЭНЕРГИЯ И ГАЗ,14548358.25,19272837.4,17303811.2,20976010.4,21531068.85,25797986.91,28800039.9,28302583.8,30720750.35,34879263.42,37172548.7,39842331.3,39382194.9,40668509.5,41181801.8,40318238.26
157,Нижегородская область,ДОБЫЧА ПОЛЕЗНЫХ ИСКОПАЕМЫХ,345544.0,523283.4,839906.7,1087119.2,730415.91,802212.3,1596983.1,1875879.11,1741274.12,1776434.28,2303025.5,1332999.49,1167562.3,1800735.5,2141150.1,1474376.8
158,Нижегородская область,ОБРАБАТЫВАЮЩИЕ ПРОИЗВОДСТВА,334849583.2,424301041.4,556493224.3,639123469.3,533172924.7,699109357.7,873575067.9,898069896.9,943842547.61,998184917.16,1138575544.38,1146937189.44,1237832576.91,1391676488.93,1498896026.64,1356573016.08
159,Нижегородская область,ЭЛЕКТРОЭНЕРГИЯ И ГАЗ,37884666.6,42565236.6,40828571.1,51711273.21,67535645.44,79810350.5,84439487.9,80661203.05,90995782.03,91099135.59,97913996.84,103857105.33,99013133.8,109520130.59,110434859.73,108269824.66
160,Оренбургская область,ДОБЫЧА ПОЛЕЗНЫХ ИСКОПАЕМЫХ,89821458.6,162965919.5,163170977.3,180117556.2,185874551.2,215311079.0,282235392.4,313118034.18,420880184.73,348080960.44,383955212.9,338586962.19,389692413.6,542496980.3,589755941.3,481121953.2
161,Оренбургская область,ОБРАБАТЫВАЮЩИЕ ПРОИЗВОДСТВА,105242837.9,118693214.0,147789981.4,168113288.8,117413119.8,151633569.2,174976987.7,211629284.52,192003658.24,230678675.66,274498437.3,274312416.32,304237991.73,348347747.6,325780102.4,310290124.42
162,Оренбургская область,ЭЛЕКТРОЭНЕРГИЯ И ГАЗ,33304413.9,41117704.8,48127572.85,52498140.15,55936978.04,81502873.01,96822706.3,83189081.87,62496402.02,65920646.62,78011502.0,57468109.87,57928280.9,61913293.0,67292595.6,65022981.07
163,Пензенская область,ДОБЫЧА ПОЛЕЗНЫХ ИСКОПАЕМЫХ,740353.2,896770.55,1115216.9,1221934.8,1000470.2,1358725.9,1604758.4,1878394.8,649416.08,595710.85,411301.1,846141.62,890440.7,909449.8,1583658.3,1858515.4
164,Пензенская область,ОБРАБАТЫВАЮЩИЕ ПРОИЗВОДСТВА,37201891.57,44191911.6,58308037.05,74422705.4,73489833.35,84150111.1,99662894.2,115379131.0,128126701.53,139216062.47,176491389.2,188088741.6,195823094.7,196327046.1,223956287.3,262498489.0
165,Пензенская область,ЭЛЕКТРОЭНЕРГИЯ И ГАЗ,9750895.4,11848041.7,9593287.65,10780748.55,13263613.7,14497047.7,17663406.3,16712537.05,14480009.04,19667021.63,21533904.1,22394061.05,22153133.5,22595526.1,22635363.7,21705316.7
166,Самарская область,ДОБЫЧА ПОЛЕЗНЫХ ИСКОПАЕМЫХ,55565853.3,70030822.5,77380475.2,91841316.53,90557004.8,108289638.2,145225898.5,171701920.69,186505531.0,205669103.8,244655717.9,240373816.4,273744462.2,368182671.1,371281609.8,272383632.4
167,Самарская область,ОБРАБАТЫВАЮЩИЕ ПРОИЗВОДСТВА,376301412.6,454156622.7,495259332.3,560941734.1,393268949.0,549311015.1,689250635.83,757030987.2,780878665.03,833356730.52,928774814.2,938869278.1,969527951.9,1098570160.1,1156026624.0,1087820856.8
168,Самарская область,ЭЛЕКТРОЭНЕРГИЯ И ГАЗ,55790166.39,55315629.57,56642842.1,64151087.61,69309392.55,87391111.1,98419770.4,98618741.8,115666366.5,122985443.62,115748209.9,119516616.4,115780187.5,125309424.8,126851017.5,140904474.23
169,Саратовская область,ДОБЫЧА ПОЛЕЗНЫХ ИСКОПАЕМЫХ,10074620.39,11070556.09,13715677.94,15170573.4,12184715.15,14204665.6,18190655.4,20836710.03,20374131.42,20222344.58,30645785.7,25803496.85,30491657.1,42025513.4,34948048.5,34408819.4
170,Саратовская область,ОБРАБАТЫВАЮЩИЕ ПРОИЗВОДСТВА,78373964.73,92990674.28,125971172.4,159587838.9,130222374.9,168255747.2,208323092.86,246788104.34,242265652.95,275765630.85,342514991.3,346434010.72,352459412.26,398718530.55,410146074.86,427571767.55
171,Саратовская область,ЭЛЕКТРОЭНЕРГИЯ И ГАЗ,34637085.49,45177198.95,43593945.0,62869388.5,67527185.6,82063634.9,81173828.2,80368614.6,90216822.61,89657595.53,93886082.2,95663681.4,96236272.2,101302265.2,98182769.06,94980232.9
172,Ульяновская область,ДОБЫЧА ПОЛЕЗНЫХ ИСКОПАЕМЫХ,3064434.4,3441271.3,3939709.7,4670572.6,4199140.9,5089203.4,7135374.8,8890718.8,10212067.6,11474906.0,12850904.9,9541010.1,7096371.8,7982431.7,13373720.5,14093423.36
173,Ульяновская область,ОБРАБАТЫВАЮЩИЕ ПРОИЗВОДСТВА,58371878.52,70655595.14,92585244.73,104195971.7,82328891.38,111776355.5,134265486.52,157822595.69,164837144.93,185637644.96,235075410.89,235878939.37,256479843.44,256859339.41,316814031.0,276051692.06
174,Ульяновская область,ЭЛЕКТРОЭНЕРГИЯ И ГАЗ,11557828.88,13139236.6,11206281.7,13710133.2,17355577.51,24154659.5,24783773.5,22469052.58,24929577.0,25522466.27,25529458.0,26187154.58,27119735.6,28433599.4,27330033.7,26302592.1
175,Курганская область,ДОБЫЧА ПОЛЕЗНЫХ ИСКОПАЕМЫХ,306274.55,511213.75,844049.6,1152317.8,1186122.6,1582077.9,1845678.0,2511327.2,2446750.7,2319513.8,2442298.3,3492744.4,3314896.9,3221649.8,3595211.8,3393374.8
176,Курганская область,ОБРАБАТЫВАЮЩИЕ ПРОИЗВОДСТВА,24593069.02,32589191.94,41721094.39,50642015.95,39210920.6,53376172.09,60015567.78,67496352.34,74654165.44,75430690.52,88316411.46,93561398.17,96669690.71,105499743.8,125411769.47,123383789.96
177,Курганская область,ЭЛЕКТРОЭНЕРГИЯ И ГАЗ,7921453.55,8546151.1,8096094.95,9926605.8,12037627.6,16901846.3,18663399.78,19170410.65,21681919.05,22949941.5,20414281.26,21360640.42,20540307.2,21324002.26,21155982.8,19464469.3
178,Свердловская область,ДОБЫЧА ПОЛЕЗНЫХ ИСКОПАЕМЫХ,34105939.4,37894119.2,49354959.25,54594700.8,39050675.1,61205932.1,70637653.8,62709544.8,54803570.3,52058720.6,56178117.8,54117861.95,66980115.2,76538246.8,92683459.1,92526767.4
179,Свердловская область,ОБРАБАТЫВАЮЩИЕ ПРОИЗВОДСТВА,470693935.9,602506952.0,746140652.4,823495635.1,647765347.4,902604628.0,1094824771.6,1212347065.93,1257113264.45,1343306884.6,1659143854.15,1642784626.08,1734335314.71,1968982302.24,2039462931.83,2072196704.81
180,Свердловская область,ЭЛЕКТРОЭНЕРГИЯ И ГАЗ,61591032.1,83637568.4,100586430.4,109889067.5,119176799.1,141380341.9,170796908.3,165582775.21,166297100.34,170914971.4,170374755.3,182508584.35,235726163.34,243507469.37,255389506.94,245175701.1
181,Ханты-Мансийский автономный округ - Югра (Тюменская область),ДОБЫЧА ПОЛЕЗНЫХ ИСКОПАЕМЫХ,1285301728.0,1511714070.0,1562900280.0,1755504136.0,1674427506.0,1852415398.0,2332816096.6,2631668570.72,2341618869.88,2403087349.49,2717011239.1,2662061908.33,2983367501.9,3778781562.5,3859612316.8,2659122568.6
182,Ханты-Мансийский автономный округ - Югра (Тюменская область),ОБРАБАТЫВАЮЩИЕ ПРОИЗВОДСТВА,45961161.66,64708958.9,93546641.13,142654841.0,123720470.5,158285884.1,108902613.3,106657181.17,384324965.48,398696201.75,422090240.3,425678051.9,534441259.7,673173395.9,699831990.23,567899557.74
183,Ханты-Мансийский автономный округ - Югра (Тюменская область),ЭЛЕКТРОЭНЕРГИЯ И ГАЗ,81425248.87,105267417.4,80444646.32,101633783.0,132869946.8,163049060.6,172588172.9,175103065.29,195093954.1,206904093.01,206988852.0,219991950.43,215479082.5,218778073.0,231027141.3,215684434.4
184,Ямало-Ненецкий автономный округ (Тюменская область),ДОБЫЧА ПОЛЕЗНЫХ ИСКОПАЕМЫХ,364786691.3,459580095.9,464563770.0,559251709.4,498136357.0,558134417.5,671458760.5,890917745.3,1054857400.94,1146823308.5,1354151548.9,1495220688.06,1911722338.8,2470589614.8,2664635019.7,2357945159.6
185,Ямало-Ненецкий автономный округ (Тюменская область),ОБРАБАТЫВАЮЩИЕ ПРОИЗВОДСТВА,27073320.61,34581586.55,39123272.38,46039330.26,61100237.1,71151263.2,97675016.9,115408918.8,126393313.48,156798464.43,295942334.6,322287127.06,346798851.23,442186879.05,376534862.26,307490084.98
186,Ямало-Ненецкий автономный округ (Тюменская область),ЭЛЕКТРОЭНЕРГИЯ И ГАЗ,13365593.53,19191532.3,23107245.5,26579021.6,31425772.4,32847490.1,35526603.8,41033730.37,48682928.53,49734316.82,49234262.0,55464296.43,58692887.6,47356653.0,56403838.2,53303625.2
187,Тюменская область (без автономных округов),ДОБЫЧА ПОЛЕЗНЫХ ИСКОПАЕМЫХ,6236850.699999988,7494304.100000024,7944091.0,9025032.600000024,19645961.0,33485956.5,56615372.599999905,82834390.36000037,109567207.5,130517917.9000001,164280090.0999999,170771567.5800004,173824654.5,273221476.5,244393989.8,183155192.3
188,Тюменская область (без автономных округов),ОБРАБАТЫВАЮЩИЕ ПРОИЗВОДСТВА,227734979.53000003,317598797.55,348879812.29,467515876.64,384081128.6,521833386.99999994,700016444.3000001,773270873.2500001,593218966.5799999,529095066.9399999,605769519.2900001,634872817.45,687372551.0,804308415.39,662396541.21,651681655.42
189,Тюменская область (без автономных округов),ЭЛЕКТРОЭНЕРГИЯ И ГАЗ,14171610.000000002,17031923.49999998,19783610.080000013,26384632.099999987,32091281.100000016,36479277.800000004,41613452.999999985,44909686.24000002,50065341.43000001,43512355.73000001,45194155.81999999,48261600.50000001,44678070.4,51387725.74,56953426.7,58985789.2
190,Челябинская область,ДОБЫЧА ПОЛЕЗНЫХ ИСКОПАЕМЫХ,7586991.3,9613119.1,12830042.1,16603092.2,14415579.6,18253453.3,22602689.6,27607363.0,31438185.61,36861685.58,57431991.8,67339530.2,63272374.5,80989634.5,88635303.6,139619313.5
191,Челябинская область,ОБРАБАТЫВАЮЩИЕ ПРОИЗВОДСТВА,397791647.9,497392079.4,660758206.9,788999242.7,530627265.5,768583613.6,925767350.7,936031445.3,902273378.8,1003097731.24,1197579086.7,1222563246.78,1360873846.1,1491774388.1,1480982379.1,1412224407.1
192,Челябинская область,ЭЛЕКТРОЭНЕРГИЯ И ГАЗ,34165349.6,45017215.9,46824849.0,61410849.8,59782258.9,73208921.7,80554384.8,83046976.13,87505222.76,102898535.87,112835588.6,129694057.4,136981663.49,122934153.6,128814349.8,129497823.0
193,Республика Алтай,ДОБЫЧА ПОЛЕЗНЫХ ИСКОПАЕМЫХ,283389.7,320264.4,405177.1,493675.0,541170.1,508514.5,862291.6,739901.1,575435.9,627905.0,977244.2,1568027.3,3593458.6,2687977.3,1114021.0,851450.2
194,Республика Алтай,ОБРАБАТЫВАЮЩИЕ ПРОИЗВОДСТВА,459667.1,761701.97,1051322.3,1082435.4,1172393.3,1596967.3,1295829.2,1367318.9,2452091.8,3277115.6,7172052.1,4777004.8,4994646.45,3560706.2,3537351.5,4534270.1
195,Республика Алтай,ЭЛЕКТРОЭНЕРГИЯ И ГАЗ,609288.7,928747.2,827873.0,1012800.9,1280579.72,1637306.9,1654153.0,1817250.1,1838416.6,2050226.4,2389871.7,2757576.0,2822010.4,3047967.3,2880292.9,2739793.3
196,Республика Тыва,ДОБЫЧА ПОЛЕЗНЫХ ИСКОПАЕМЫХ,1014056.9,1248066.3,1425415.3,1885105.3,2127662.3,3010700.0,3375565.3,3640248.7,3624445.0,4569260.5,7847999.3,14998889.3,23346742.0,28677767.4,21458464.3,16860405.0
197,Республика Тыва,ОБРАБАТЫВАЮЩИЕ ПРОИЗВОДСТВА,427238.1,606392.5,687661.0,436491.3,639520.7,768776.7,514447.1,680871.4,894531.1,612453.2,724946.7,664403.0,369788.87,518354.9,666461.51,562091.74
198,Республика Тыва,ЭЛЕКТРОЭНЕРГИЯ И ГАЗ,795122.7,860124.4,1253273.0,1919153.8,2215455.0,2860426.5,2867771.6,2920356.9,3219918.4,3572483.7,3742073.3,4096074.6,4668823.9,4290835.7,4787984.6,5468176.63
199,Республика Хакасия,ДОБЫЧА ПОЛЕЗНЫХ ИСКОПАЕМЫХ,6770391.8,8230425.9,8910201.1,10924768.3,13678755.1,20856729.1,26536262.8,28158717.2,27945718.4,31759905.0,38966723.7,41421618.4,52497463.5,74047146.6,69368667.2,72383462.4
200,Республика Хакасия,ОБРАБАТЫВАЮЩИЕ ПРОИЗВОДСТВА,22819262.5,30418378.7,41936795.8,43560927.9,39570422.4,50946676.2,56595057.2,61763807.4,65985136.2,71930371.5,90277585.5,82433223.3,87249502.4,91647742.4,101638207.8,106392496.4
201,Республика Хакасия,ЭЛЕКТРОЭНЕРГИЯ И ГАЗ,7883105.7,10797268.3,9306963.1,13473925.4,16216475.1,13689231.9,21461833.8,26769679.3,29211132.3,31298035.6,38604865.0,46345817.0,47622145.3,53139951.1,50836026.5,56071056.9
202,Алтайский край,ДОБЫЧА ПОЛЕЗНЫХ ИСКОПАЕМЫХ,461065.8,968509.5,2238427.0,3095174.2,3383227.4,4402533.5,6040719.3,7208823.3,4068447.3,3637479.2,5519930.2,4852175.4,6143029.4,5023392.5,7745963.3,9146146.1
203,Алтайский край,ОБРАБАТЫВАЮЩИЕ ПРОИЗВОДСТВА,70381505.7,91823076.0,108789152.1,154664118.1,118002216.6,168751640.23,189278944.51,198975943.75,205629895.84,209856860.91,271650997.4,265882785.23,307969929.4,322810259.6,357699013.3,361880102.22
204,Алтайский край,ЭЛЕКТРОЭНЕРГИЯ И ГАЗ,21776598.5,23693231.2,19258417.8,23895909.58,26748131.7,31793620.2,31991197.62,34397596.85,37720556.35,40843130.03,44355402.78,45046977.27,45806615.7,47439687.08,43900541.6,44741016.3
205,Красноярский край,ДОБЫЧА ПОЛЕЗНЫХ ИСКОПАЕМЫХ,26470339.3,29105160.0,35343778.2,46536978.79,85991680.35,240570574.1,266636160.5,248580354.7,296844242.8,318765713.4,373484427.1,403581210.4,552415723.1,748109024.9,780628722.5,635615997.3
206,Красноярский край,ОБРАБАТЫВАЮЩИЕ ПРОИЗВОДСТВА,303894403.6,429587935.0,524538151.5,457205525.5,419735060.4,571328553.0,628113196.7,629581143.9,644296854.32,777413300.78,913319183.7,940698386.31,990877582.2,1206799065.03,1569813533.78,1727194113.6
207,Красноярский край,ЭЛЕКТРОЭНЕРГИЯ И ГАЗ,42462826.3,56565494.4,52347728.9,64816144.34,76586533.05,86045196.4,95432055.7,105701284.8,119348300.88,134337871.85,160264460.12,164149499.55,163533326.4,174981917.6,176652788.84,174520929.7
208,Иркутская область,ДОБЫЧА ПОЛЕЗНЫХ ИСКОПАЕМЫХ,17106078.26,19153448.96,30125699.3,34376345.18,40988329.55,68817388.3,129794905.1,190587156.4,213895861.23,259575011.4,348350477.2,393441011.69,455207014.6,603873437.7,619092165.9,533657684.0
209,Иркутская область,ОБРАБАТЫВАЮЩИЕ ПРОИЗВОДСТВА,158265349.3,205757279.7,206266558.8,227549213.4,213086075.6,272409851.6,299405882.32,310081293.0,340426796.74,367517907.18,458525812.3,457587191.89,481866224.9,513814787.3,495138424.0,531602808.9
210,Иркутская область,ЭЛЕКТРОЭНЕРГИЯ И ГАЗ,29018849.8,40306225.16,41851704.62,48036310.1,60271378.3,77345605.8,81275015.1,81865409.31,82614103.29,82363000.32,91592666.92,100316765.27,111750235.2,120261378.1,129839087.9,131246617.9
211,Кемеровская область - Кузбасс,ДОБЫЧА ПОЛЕЗНЫХ ИСКОПАЕМЫХ,161231083.0,160620268.4,208670674.8,312055089.2,258324106.9,377514295.8,507992924.7,478533588.1,438022072.3,457400041.4,553435447.7,658775874.9,899155792.2,1097994904.1,947067758.3,722401467.5
212,Кемеровская область - Кузбасс,ОБРАБАТЫВАЮЩИЕ ПРОИЗВОДСТВА,185573727.5,205388955.7,246245901.7,314105374.0,219491260.4,309470903.4,385412992.0,376756969.0,382330630.4,446771833.1,476137123.3,475009093.37,545842424.05,650682863.85,662509753.06,621927423.81
213,Кемеровская область - Кузбасс,ЭЛЕКТРОЭНЕРГИЯ И ГАЗ,44851009.2,51029746.8,57402143.5,64073875.5,69609681.0,80868692.1,85948952.6,89059128.2,89682528.8,93122474.6,94377424.8,95620116.93,96517554.6,95661909.5,97458451.47,101545151.8
214,Новосибирская область,ДОБЫЧА ПОЛЕЗНЫХ ИСКОПАЕМЫХ,13368959.0,15782169.6,20821151.6,37440558.91,27079052.6,16454879.0,19674167.4,22257130.8,22559923.3,22952836.5,25852462.5,29635348.0,50567715.6,90660747.4,77494551.6,51475249.3
215,Новосибирская область,ОБРАБАТЫВАЮЩИЕ ПРОИЗВОДСТВА,93955169.1,123037065.8,148447358.2,176438108.6,168753961.7,229323650.6,249816309.3,284940153.66,309415689.12,328960275.88,430809735.13,410382758.93,459488991.46,533607176.61,548433242.81,564073883.19
216,Новосибирская область,ЭЛЕКТРОЭНЕРГИЯ И ГАЗ,36435841.1,42562378.8,33914645.47,42516970.76,51579828.7,59331855.6,61591546.0,60443531.2,60369501.5,62922166.7,63111646.87,64195066.86,59641293.09,61720486.99,69251801.7,68675540.86
217,Омская область,ДОБЫЧА ПОЛЕЗНЫХ ИСКОПАЕМЫХ,3812863.6,5401938.3,3623250.5,3548446.3,963943.5,4783757.5,4410514.0,3005588.7,5780814.6,3855051.4,4042136.9,3413987.7,3165219.4,3822291.2,3435963.2,2061436.0
218,Омская область,ОБРАБАТЫВАЮЩИЕ ПРОИЗВОДСТВА,224305160.0,254951172.8,301402849.2,381955949.0,342653847.2,409133134.9,529354758.1,609983235.97,621059848.36,696947290.16,709131660.23,709347013.91,791301041.92,961524486.5,964219806.66,865391001.81
219,Омская область,ЭЛЕКТРОЭНЕРГИЯ И ГАЗ,19230868.3,21121743.61,21459688.4,26615501.73,29919256.3,33713373.2,36012711.2,36516461.55,40477985.5,43187750.0,48608038.3,53763706.95,50397131.0,53352574.3,54694784.5,53184668.8
220,Томская область,ДОБЫЧА ПОЛЕЗНЫХ ИСКОПАЕМЫХ,72010693.17,71393042.92,76565190.93,89916245.9,82747638.8,91842164.1,126581826.8,141085197.3,139065674.7,143933902.5,157805512.6,151917381.6,179062945.0,217695662.9,194263885.1,115235275.0
221,Томская область,ОБРАБАТЫВАЮЩИЕ ПРОИЗВОДСТВА,46644948.58,63181554.87,67840536.79,70589773.01,67722141.75,96814344.68,111529047.9,119326312.95,129401948.39,134410898.76,168281331.3,162373612.43,155757245.1,188076248.7,200475970.3,198997143.4
222,Томская область,ЭЛЕКТРОЭНЕРГИЯ И ГАЗ,13768631.35,16054403.13,13983906.88,19544866.15,19473806.35,22972360.1,25617433.9,27958405.05,26533776.95,30138971.5,32504884.8,35837326.05,35968900.9,38367762.11,35690949.0,31920321.1
223,Республика Бурятия,ДОБЫЧА ПОЛЕЗНЫХ ИСКОПАЕМЫХ,6363900.45,5792370.58,4942945.18,12225237.2,14661003.1,9268751.7,12808021.2,14620616.0,14503588.1,16490736.2,22859995.3,21128965.4,25331274.2,27973946.0,36803579.9,48765852.6
224,Республика Бурятия,ОБРАБАТЫВАЮЩИЕ ПРОИЗВОДСТВА,18997005.57,19962988.65,23843959.49,29314482.4,31817183.8,40080613.78,51115320.4,46115641.34,62738454.8,70297297.1,86012018.55,61204552.41,59164140.25,65598476.5,75070102.12,97767864.62
225,Республика Бурятия,ЭЛЕКТРОЭНЕРГИЯ И ГАЗ,12477786.15,12889428.86,10746478.79,11978137.62,12768082.6,15558026.4,19825952.3,17854567.1,20894764.7,23093063.6,26886122.0,27180388.24,26887938.8,26273045.43,24856390.1,26559640.3
226,Забайкальский край,ДОБЫЧА ПОЛЕЗНЫХ ИСКОПАЕМЫХ,8994096.5,10820053.3,13329528.2,17098370.9,20270169.9,39000596.2,40376950.3,43688883.52,44812761.8,48108144.1,61382043.6,75688402.9,82184427.8,108399914.4,134850557.6,171636571.6
227,Забайкальский край,ОБРАБАТЫВАЮЩИЕ ПРОИЗВОДСТВА,5135819.6,6870348.47,8133292.42,9954861.81,8097593.6,11385193.8,14365349.9,25066484.79,22916904.17,20073541.25,22652659.57,23498923.6,26309385.5,23788423.38,28121798.67,29004343.5
228,Забайкальский край,ЭЛЕКТРОЭНЕРГИЯ И ГАЗ,10890881.8,11848059.5,10416135.3,12149228.1,13892527.0,14713238.3,18310966.9,17819257.36,26109411.2,27624808.8,28172719.4,33033660.5,31144058.1,34259480.9,35479300.3,34863653.0
229,Республика Саха (Якутия),ДОБЫЧА ПОЛЕЗНЫХ ИСКОПАЕМЫХ,112304828.2,119451110.9,116076798.8,136023378.6,109234700.7,214205687.8,285757404.99,317116290.44,338681247.75,407114524.36,503910235.9,620687870.97,599619617.0,804388469.8,886421979.4,823669498.5
230,Республика Саха (Якутия),ОБРАБАТЫВАЮЩИЕ ПРОИЗВОДСТВА,14066387.7,10964735.0,12580926.4,15065380.8,15134554.3,24515124.8,28002475.88,28028566.86,27822781.42,33666371.4,36168770.08,33810640.12,34851643.55,37174634.51,40398782.26,33951941.57
231,Республика Саха (Якутия),ЭЛЕКТРОЭНЕРГИЯ И ГАЗ,18409935.6,22006668.9,25137724.7,27401348.6,33366724.9,37945500.6,42849240.09,45863330.38,50131169.08,56674450.72,65547895.7,72318049.48,61132880.8,66210358.2,70798519.4,72359864.81
232,Камчатский край,ДОБЫЧА ПОЛЕЗНЫХ ИСКОПАЕМЫХ,2555917.1,2687083.4,4493996.4,4566768.9,5168643.6,6325869.0,6439310.2,7779171.4,5693680.8,8190005.1,13254114.7,22947004.7,19729127.6,21517681.8,23598638.4,30559560.7
233,Камчатский край,ОБРАБАТЫВАЮЩИЕ ПРОИЗВОДСТВА,8627765.98,8658554.15,10214826.52,11219431.53,13128750.15,37349850.9,39742363.3,42342221.3,42785456.1,42803566.05,68999491.0,78903265.27,99559708.9,133150617.3,138697117.5,123011432.7
234,Камчатский край,ЭЛЕКТРОЭНЕРГИЯ И ГАЗ,9662884.5,12224311.49,13463749.5,12670079.2,12874007.1,14947609.2,15370062.9,15517248.2,16093879.25,16323741.55,17596625.8,19487509.42,21588027.2,18223566.7,21429670.0,22291178.2
235,Приморский край,ДОБЫЧА ПОЛЕЗНЫХ ИСКОПАЕМЫХ,6489178.45,7125746.5,7209339.75,6916341.2,8020630.55,10656035.2,14194952.4,13869022.75,13637452.3,11015983.55,16124429.5,17185913.6,19568104.2,22557249.5,23711331.8,23985049.45
236,Приморский край,ОБРАБАТЫВАЮЩИЕ ПРОИЗВОДСТВА,36365994.57,42463818.96,48892591.58,63646916.88,72261077.1,104561930.9,127103302.87,150092078.33,181041338.03,206804018.33,196556226.9,189663458.62,229129511.8,235887764.7,296108830.7,239009609.26
237,Приморский край,ЭЛЕКТРОЭНЕРГИЯ И ГАЗ,25972816.57,29698154.86,31407824.27,32673475.1,41322846.85,47024529.71,51396854.53,53813789.85,55777464.05,62365266.47,62095322.45,61251653.22,62629200.0,66550473.2,66326886.3,69290575.9
238,Хабаровский край,ДОБЫЧА ПОЛЕЗНЫХ ИСКОПАЕМЫХ,13917417.1,14506870.9,16396765.0,19117903.7,22804036.9,25290810.8,29187441.0,41710777.1,43232776.8,49980284.6,62124585.0,71552852.15,78459364.2,91358325.0,22102423.2,27568168.6
239,Хабаровский край,ОБРАБАТЫВАЮЩИЕ ПРОИЗВОДСТВА,45204202.2,53472010.7,72257308.1,104730629.0,60841159.3,93964847.7,115875229.7,120200965.2,114932810.1,160117952.0,209748762.7,205033254.02,244084602.25,271571109.1,353832602.9,406826629.0
240,Хабаровский край,ЭЛЕКТРОЭНЕРГИЯ И ГАЗ,21087419.0,23857490.0,24291242.5,28754027.5,33901527.7,39890940.5,44319721.9,44974465.7,50371717.6,53263709.1,55066801.4,56763079.38,53618544.0,57061213.3,61520909.9,57923804.8
241,Амурская область,ДОБЫЧА ПОЛЕЗНЫХ ИСКОПАЕМЫХ,7941909.4,9576979.1,10649342.6,15132247.9,23995368.4,26599082.4,49973454.2,53473455.5,49746981.9,55690350.7,72179618.9,64379100.3,64359021.7,60169335.7,82506015.1,116722688.8
242,Амурская область,ОБРАБАТЫВАЮЩИЕ ПРОИЗВОДСТВА,8639523.2,9620159.5,11343578.7,14031513.5,15097496.3,18567916.71,20829082.0,22024578.7,21952321.0,24050301.1,33902153.3,27898736.6,31095364.8,34091035.6,39032331.9,39093856.5
243,Амурская область,ЭЛЕКТРОЭНЕРГИЯ И ГАЗ,15233285.0,16664151.2,16757724.5,17634311.7,21774096.5,26935323.1,25888706.5,26914638.8,27547119.4,29652406.5,32521061.4,33658987.3,36087137.1,37046365.6,45166385.3,43000318.7
244,Магаданская область,ДОБЫЧА ПОЛЕЗНЫХ ИСКОПАЕМЫХ,14883142.09,14754571.9,13717780.38,15756909.8,20870901.0,29545697.5,41815135.2,59256429.1,53178480.3,61789576.97,83195625.6,106563940.95,112749212.0,124936925.4,29145634.4,38636039.2
245,Магаданская область,ОБРАБАТЫВАЮЩИЕ ПРОИЗВОДСТВА,2747545.25,2517751.4,2656176.75,2884344.97,2796218.6,2920714.2,3898943.2,3894963.9,3796555.5,3448370.7,3074309.1,3175607.55,4466985.5,4512167.8,147417073.0,209854248.97
246,Магаданская область,ЭЛЕКТРОЭНЕРГИЯ И ГАЗ,3979382.8,5079012.4,5637638.05,6396937.6,7391806.5,8182612.5,9704854.7,10399204.4,11974944.6,12247971.6,12713279.0,15411213.9,14541354.6,16012486.2,18027088.8,18150890.9
247,Сахалинская область,ДОБЫЧА ПОЛЕЗНЫХ ИСКОПАЕМЫХ,35816684.1,57863269.0,198686779.5,217105112.9,267745840.6,353835813.4,502527379.6,539776220.9,558866876.4,736034438.3,708682590.0,597755224.7,693852101.3,1016799146.1,942670870.3,731920051.4
248,Сахалинская область,ОБРАБАТЫВАЮЩИЕ ПРОИЗВОДСТВА,11802464.64,12865332.4,16167637.8,18888485.9,22235459.4,23694387.0,24193417.6,25521231.0,28019924.1,39110529.2,46935275.1,42374770.4,51842275.8,60300448.2,67953264.1,65896029.1
249,Сахалинская область,ЭЛЕКТРОЭНЕРГИЯ И ГАЗ,6840401.3,8693513.3,9369211.7,10413225.4,12223084.1,13964882.26,16182834.8,18533437.2,18428785.6,20157034.9,18505411.6,20327953.0,16465475.9,18063158.6,18878552.23,19913057.08
250,Еврейская автономная область,ДОБЫЧА ПОЛЕЗНЫХ ИСКОПАЕМЫХ,220073.5,187322.6,453405.8,307942.3,215522.9,286177.2,401645.4,398055.8,413964.3,720346.5,974438.1,1226747.1,7593200.7,10330139.2,13971686.5,17093714.5
251,Еврейская автономная область,ОБРАБАТЫВАЮЩИЕ ПРОИЗВОДСТВА,2325706.8,2507757.49,3176364.6,3816631.3,2839597.8,2997626.0,3073326.8,3648146.0,3834596.2,4597060.4,5073696.9,5214476.9,6743433.7,6631527.5,6622621.2,5460452.6
252,Еврейская автономная область,ЭЛЕКТРОЭНЕРГИЯ И ГАЗ,817384.5,962168.6,1554386.3,1985413.4,2286729.7,2865572.4,2500432.3,3014456.1,3234521.7,4135526.2,4427270.5,4315495.67,4209453.5,4454820.4,4757777.9,4967490.1
253,Чукотский автономный округ,ДОБЫЧА ПОЛЕЗНЫХ ИСКОПАЕМЫХ,2647943.2,3395090.0,3189637.9,20505856.5,36086019.44,35493753.5,38546542.0,34116310.2,34852867.6,63813116.68,77385605.3,83561520.3,65316434.2,67501554.3,14680937.9,23136924.6
254,Чукотский автономный округ,ОБРАБАТЫВАЮЩИЕ ПРОИЗВОДСТВА,843445.0,983652.9,442459.0,488069.5,414194.8,599390.3,743533.6,604837.6,665720.9,649237.3,764764.1,604274.0,1023385.9,1055402.5,67342675.1,93236797.7
255,Чукотский автономный округ,ЭЛЕКТРОЭНЕРГИЯ И ГАЗ,2931212.0,3975055.7,4132708.2,5463501.0,7149720.5,6950387.8,5636953.0,7971106.4,10635013.7,8969164.4,10276329.9,9998044.8,7796269.3,8805295.4,9436013.6,13620029.4
256,Республика Калмыкия,ДОБЫЧА ПОЛЕЗНЫХ ИСКОПАЕМЫХ,0.0,0.0,0.0,0.0,0.0,0.0,0.0,0.0,0.0,0.0,0.0,0.0,0.0,0.0,0.0,0.0
257,город Севастополь,ДОБЫЧА ПОЛЕЗНЫХ ИСКОПАЕМЫХ,0.0,0.0,0.0,0.0,0.0,0.0,0.0,0.0,0.0,0.0,0.0,0.0,0.0,0.0,0.0,0.0
